md5,D-Force,PMP,habo,cuckoo
VirusShare_c77a82095cf072afa03b3278c77bc8ee,56,29,4,14
VirusShare_8233d984e1e30f2fdd4f20d88a6a31dd,46,14,3,2
VirusShare_a38ed62cb20b890ff77dbd4b59380687,30,26,4,16
VirusShare_d8db3b6287fad111f94071d9ca3fa9e1,19,7,32,54
VirusShare_362771c89349afb3f74a162e1dd2edb4,88,37,26,0
VirusShare_3fb9d5eb1c2a458a89776d16222c63f3,1882,27,8,0
VirusShare_db6de2692adbcdd9a1b4f0bc004a6c2e,18,15,2,0
VirusShare_0ff9698cf76a8d54205c71943ff05894,44,23,4,17
VirusShare_754db76e167b670f3db770ee23c85c69,26,26,4,16
VirusShare_8a65a92851e46d44eb473e04002a911d,39,40,3,0
VirusShare_695317def286962095f3c631d8d00f28,51,24,5,17
VirusShare_c3d6bff74f0c40ccb3197c4f6f71e6eb,88,37,3,0
VirusShare_bf0b3eb9313885ade1f3b17ca2364b12,30,21,3,0
VirusShare_55459bf4fdf745e1d923f1b29f2b206c,31,28,2,16
VirusShare_82eb4fc5ee8d093396d1e35555b00a51,37,218,4,9
VirusShare_cca0dfe4d40964c82d09be2456e2497a,31,17,2,6
VirusShare_05d3bb32d57a7a2d485440de5b0eb38a,469,24,4,14
VirusShare_2d65db538126442a1889fc557855a3bd,482,24,3,0
VirusShare_07355aa4bf2fad12f7b3572e26004368,3940,27,9,18
VirusShare_868e38bf2e5b88bdf4415c0df9000d07,18,12,2,10
VirusShare_f33e992573f168ecec2fc159f25abe90,2320,26,5,18
VirusShare_8571f739a8efd77384fb23e842139972,46,33,4,23
VirusShare_cb45365bb020114d873c390793eee22f,19,7,37,90
VirusShare_2fb3ba518e31426d5178a45e83f5e3c8,44,22,4,15
VirusShare_b67f1a481dfbada7e6c2be5015f3aea6,58,29,5,0
VirusShare_3bd290c9211cc6fca5d94428aaede4e9,65,37,7,0
VirusShare_debd024be36772d83fa4267510e1bbe7,56,29,4,14
VirusShare_8da09a7fa1707fbc76a770f1ca191fe8,61,45,5,20
VirusShare_81c6513bfcaa579f036ac3aabfcfc8aa,38,22,5,0
VirusShare_2645a92b11d47784fad0257c979f1b67,56,24,5,17
VirusShare_f81bd7f26025a3257a17d5d81aa3515d,45,24,4,14
VirusShare_c4229c07b645d3da4f179f5d638c7644,62,62,3,33
VirusShare_4b8e475e23a81a02fd62310802838c46,35,23,4,13
VirusShare_22874917825b3457ae05b755662e4973,21,27,5,25
VirusShare_15c1def39a6be984a68db371e7e21d9e,51,26,6,24
VirusShare_b795e90e5f25ca2df7a9b52b669ace37,58,32,4,0
VirusShare_a660ae9f837911ffeb6877c35e164a5f,39,12,6,14
VirusShare_c8c7a73073b89ffbddda1edfca21c1a5,32,17,3,11
VirusShare_b7c4d36a3e91b503f2e1faefa78b65f0,50,26,5,0
VirusShare_e57abe91489c5227eab53a9dd4cfcc5f,56,43,2,16
VirusShare_1c0ecfe62b43bd0b4adb601b0d7a40d4,613,24,4,14
VirusShare_0308738cff29f91bc4e9e2831a6605ae,36,24,7,0
VirusShare_36c4921fd7898ca94fcbb7bbba372881,28,32,5,670
VirusShare_547fb65ca3a2dfab1ef6459de8250975,38,37,2,17
VirusShare_39338f50be1b7b35a044e3b846f0cc1b,41,17,3,0
VirusShare_72b5ca6fc56d220a38fe9b6dad255511,33,29,4,14
VirusShare_ce5b34d278f46cac8bd084a5501e08f8,22,31,4,20
VirusShare_562551127e8c90141398d3cab67aee11,34,23,4,12
VirusShare_f5bb62c2521f52935af4ecdfc5647ccc,46,18,3,7
VirusShare_a9dd1735d42c57e2f332c1c49e1c7bda,556,20,4,18
VirusShare_263436602217b02db1921d147c909106,56,43,2,0
VirusShare_3dc431e27b69770e2849aa056032a3ce,57,47,1,14
VirusShare_076a8e2417e381f5cd2ecec82eecde7e,37,218,4,9
VirusShare_12e26b3b145b6e864085c9dafa327171,38,22,4,0
VirusShare_b677ee84391ab37b4f4ece1103dcd37f,36,25,4,12
VirusShare_4e3ec9c907a8b8f7285ec7f610a85b8e,33,21,3,0
VirusShare_9e96170c07c1566ac0d9d7b93e7928d1,398,14,53,332
VirusShare_fde76bf4faeb9316127260c1f4b6142f,88,37,60,10
VirusShare_8f27f616238c9a8cd7f9647ff4f7ee33,56,43,2,0
VirusShare_56e17256f98541601aaaeb24d2329960,2120,2081,0,0
VirusShare_632fe62ca958f259d2e3224606070601,3932,53604,0,19
VirusShare_b2104de68d7806800275f9f7be11a712,33,27,6,193
VirusShare_9cc89d54f5fe35f6983051379d4c91e9,51,26,5,17
VirusShare_79fbc3972a1592c92ee46d4a8eb27de8,32,11,2,0
VirusShare_b89d6e4abc88adebd7495f449790d683,41,30,4,0
VirusShare_6a612f09a388f872cbecf860833d973d,27,35,5,29
VirusShare_2e56b852af93a1ff3c70e001c5dd4d89,62,23,2,0
VirusShare_f775e6c66f27cea6a158d65038cdd725,20,12,2,0
VirusShare_ec412c1e511198b515267c5d53a39013,86,37,1,0
VirusShare_6d629e8f2e0c2e751b2764a01a109643,18,12,2,10
VirusShare_9c2db11d27acfd24c9b9bef7acb649cf,34,21,3,7
VirusShare_e8b4330b354c89f61b7b35bb6694ad2b,28,18,0,14
VirusShare_4a7423a0aa768d7b831bb27795952a55,20,12,2,0
VirusShare_638aca9fff2d46005788673bd1d2fb91,9661,64,9,14
VirusShare_ef234afb35914a820325f84f32d0f129,41,21,2,0
VirusShare_6a0fa06053b53f3beede00344a347ca1,49,32,4,0
VirusShare_30f7502a49c751736ad5327e27ae8bbc,54,43,1,0
VirusShare_5610898c2bbab4c3e375b14d6a346fab,33,21,3,0
VirusShare_baf7ea23ce6c9801c16c92217745ca14,55,43,2,20
VirusShare_3db935f59d0c9eee68555bf44b11ede1,4889,184,5,14
VirusShare_8c0c83eb068d53b19d89bf43000a1c39,43,23,4,13
VirusShare_e1dc8adf1bf1ebceb2b95c5d4fa02232,64,20,64,5
VirusShare_18565a6344495fed2234d3b7fa864fe4,48,32,4,0
VirusShare_8b38f484a0a2e2f1695800ac5867ed0c,87,218,6,0
VirusShare_3ca3ba59a625725655d49e336ca3de93,31,19,3,7
VirusShare_7aa68082c1d5fd2aedd309ed9c313ebf,35,29,4,17
VirusShare_c61e6afc0a9319a27246ab14c410b6fd,4704,184,69,18
VirusShare_7c4a1bc5894b660f357d1ce1b600f085,2106,2054,0,0
VirusShare_cd19ce10d371667e7faa3967160cd80e,22,19,3,0
VirusShare_b847ce1b8f35249bda3bb00d13ad80a1,30,26,3,16
VirusShare_dfa1b762280dc9f81515417fdb741ac8,20,12,2,0
VirusShare_c6a70c93d1f88c01467937e1dd38adae,64,21,2,0
VirusShare_ccf3c426dbc8f7122c86a5e9df236541,30182,21,4,35
VirusShare_fb200dca8fbdccbcbcc7027fa90e5a86,67,22,8,30
VirusShare_acc84f1149f52858752fe6a249ed3556,38,37,4,0
VirusShare_204ca1dfd3e11b1c4caed65737f2a176,37,24,28,0
VirusShare_53738f6b6e2f4fee78e7254e7fe8aa3b,37,24,4,14
VirusShare_d3f0f38a282c261ea2fea7068b9615e4,40,66,6,0
VirusShare_7347e55b4e0a7c1b748bdb4e4fc3cac8,4886,184,93,0
VirusShare_9858d65767c0e6d57ca624299931de4c,30,26,4,0
VirusShare_79575b154633637eb6c78c36bfa27d9d,43,25,4,12
VirusShare_e05030f67686cff0e50a4186eb656019,39,30,3,0
VirusShare_dbd03f5a8905f5e119489104b237432f,88,37,6,10
VirusShare_11524068204daa5b606343e8c0899626,51,24,4,18
VirusShare_89bee154dd6ef382e43bce58679036a6,239,220,0,5
VirusShare_74530e544802fd7137f64861c7c8a437,48,24,4,0
VirusShare_0191642afcabb6cb2e9449822ea10d37,93,93,40,58
VirusShare_143d2ffaac46f66ba8fbaef4cb9d4a31,18,12,2,0
VirusShare_e41ab28ed5dfe18beb35ead70dd213e6,8,20,2,0
VirusShare_1449600982eed903a99e36584b00ab30,20,12,2,0
VirusShare_789410de1d3ebb76e52acca0054ec828,36,29,4,18
VirusShare_0211066c63b9de9c5914a919958eb681,20,15,2,0
VirusShare_76b0a75b9495e8bd7b037eeed8c99323,35,23,4,13
VirusShare_45ecf77000560bfacb39cec1293e34b2,37,218,4,0
VirusShare_65946e0281abe5ca7c0abf8443dd3632,35,22,3,0
VirusShare_a68230c304ad5e9ab68bed8fbbb8a5d9,30,13,2,0
VirusShare_e72ec326a3c04a8c5ee368120e2b8988,56,29,4,14
VirusShare_e58e19a65c839311518b1f22a91a6e6b,5046,184,68,14
VirusShare_f1fb174d6751bf138b1f4290ba50935e,88,37,6,10
VirusShare_a14c22e4157220a67edb385132bb8c59,22,14,2,15
VirusShare_63e922ce1d06a84f64916d16b19b82b6,48,27,5,18
VirusShare_e4bda8471fe8d6973e107de66adc8f5f,88,37,7,10
VirusShare_58bebc0ebb1818f6fe5f881c99782766,56,25,20,121
VirusShare_1f87549d3821fe8434becbca6d7de3f8,56,44,2,17
VirusShare_77eeb3b43e7a9eac53eaf3b3d5c987d4,57,32,4,16
VirusShare_9680498bece1876fbfe3ae8fa9436a8f,37,218,4,9
VirusShare_7cad87312bb08010f75b349e87e6c0ae,33,27,7,18
VirusShare_35f6c9df7582bb2ff319f3c591f75d1f,54,43,1,0
VirusShare_4f0ebcef123fee576227dcad3433df38,20,12,2,0
VirusShare_ee75a8f012183979b214923dc959da85,4729,184,14,18
VirusShare_70eabd2763d2309fc46b463bccc07417,123,88,6,56
VirusShare_d49fc7f78d4322d0c17d74368ccf9bb4,47,25,20,121
VirusShare_6518e41ce16b793dcb585b8fd1c886b6,37,8,4,0
VirusShare_fa1c66ce72a5882dcf0f5bcb3f62a970,58,31,3,13
VirusShare_f8327d537ddea4e7caa93326832fb085,95,33,6,0
VirusShare_da8bbfcfe852d1b284a8095fc19849a3,1517,27,9,0
VirusShare_fe026482ef8943eab00598776d0f1727,41,25,3,0
VirusShare_f19f03a7793be3877dacc31535803b04,32,19,2,0
VirusShare_87c442abdbf549f5eee82095135aa995,55,32,1,0
VirusShare_f5d7fe5fafab34919b13d7bd1a311d30,50,308,7,23
VirusShare_2768a2fd5170a008851e13c924d387e8,20,12,1,0
VirusShare_01e63a8fe7653ce66dcc2ce6ec8e30a5,33,21,3,0
VirusShare_12847fb913333b5bfe9e3d48657d78ec,88,37,6,0
VirusShare_717591042f36bd4a9883990d14663837,60,45,17,106
VirusShare_75fead0b58b7bd86713bfb97a97286c1,63,16,1,25
VirusShare_ee7e77635b320d03f78edc37bc5d1075,43,25,4,0
VirusShare_f16fc5b61716e5c9b394fd0f89f2ae2b,49,24,4,14
VirusShare_3eaf44f5caa2b2dfa06353de531ca227,88,37,6,0
VirusShare_26ce54c8a3263127f19c3173ee883bcc,75,52,12,26
VirusShare_5483e1c2cb808a09aa66d955d689384f,25,28,4,0
VirusShare_3f090a0cea73fbe171f0628ac1b4e7db,5046,184,68,0
VirusShare_7e33ddadd0f7f9f0bb2162a9f7ca67e1,39,30,3,16
VirusShare_37951ead338eca408474a6700c403dcf,40,22,4,15
VirusShare_f10b051f8390ef0c36838fac4c7aa0b3,1573,22,3,0
VirusShare_3e93bca4920c6c4f04457696ce3fe2fc,54,43,2,0
VirusShare_135fd8509ddfa229a8f658c8e3d90228,20,12,2,10
VirusShare_e8dad2ccc7d99d7a98fde3dfbc453f33,60,24,16,105
VirusShare_d0f7d15531a50f9356cfd13aefeffd02,36,29,3,0
VirusShare_7b9eebabf6011034d01a982e632ecfbe,31,22,2,0
VirusShare_3621cf1542c1b0c6e7657771038a43d1,46,27,10,18
VirusShare_75b165bfa21af85809fd8be5d7be6d41,64,20,19,5
VirusShare_f05b736e87918e1a4a0dfd7ee4ac8703,57,46,5,0
VirusShare_2f38f80890d284aae2aa80bc7cc15068,55,43,2,16
VirusShare_80ad080286f3b62f4491ee1f5495d7a7,70,25,22,116
VirusShare_dba4747900e3c3c84fb919a947bba230,14,14,2,12
VirusShare_07ff9025db06a0bfe9b2db3215fe104a,38,19,2,13
VirusShare_30e04bb85930dfef9b722492f0b77222,55,45,2,0
VirusShare_c4648422e0c7a859c199b16193f44d0a,44,26,8,18
VirusShare_5b203d19d4c2a46e5df80f10ae08746b,33,21,3,7
VirusShare_9deaaab0970b88d306fbffc4b3f36dec,34,22,7,0
VirusShare_05f44e74d3557c4e2e43c0b237b0972f,19,7,37,78
VirusShare_57c5efae2c060b865aa520f32b788d36,45,25,16,26
VirusShare_75283b64506009b87bff5f968ff67283,39,38,1,18
VirusShare_7ddc87aba900cc3bcd6cd77a06804220,65,25,22,119
VirusShare_067a2ace72c499937c407e7b5c4a81c0,4094,184,26,0
VirusShare_afbd176d2d49fd5c790759116d389f95,33,22,4,12
VirusShare_d4cbf3695b446d68d7eb078ef3e9369b,27,21,2,16
VirusShare_ec370dd53abf5dc18f6ffdb633ea82b8,54,43,3,0
VirusShare_e21964bc8f9c6b001ace71b86e53961a,45,21,3,0
VirusShare_6e1353954a5adb5477e5e76ffae51d4a,18,15,2,10
VirusShare_91f0fb778787a24c6ec22f2344956204,33,21,3,0
VirusShare_360b74bacadcbe831b44bd058463205f,40,27,8,0
VirusShare_a98a69dc61426e4976adb19e456ab428,58,23,5,0
VirusShare_915f20c4410ce1afa358d39d2526ec1c,54,43,2,16
VirusShare_3bccc0ca33274ac96ca3c046d43996f3,33,29,4,14
VirusShare_045aed026e7cbb6507ebebe1ece0ea75,29,41,59,21
VirusShare_79ae222c57858de383e6f474fa63a76e,2079,27,9,0
VirusShare_caacd0e27bf93dd7f9bbeab72008dd2d,2345,27,30,18
VirusShare_7d042466e63f5c66187d7a982583f75d,37,27,3,25
VirusShare_ea3f18d539692c12e22015a396767b38,54,43,3,24
VirusShare_ba2e34207a2d16985edfd5b157896dcd,20,12,2,10
VirusShare_6e68380a29208c4b2db1d67379f09803,27,26,4,0
VirusShare_c54dbe836195bb05460428ad40c33dc2,49,26,4,16
VirusShare_b40ef14209e8aeddb24d6209ca693399,39,31,4,13
VirusShare_d6e5833b5fd732ac2ba017b1a6d34d77,63,16,5,25
VirusShare_8dba0738910ef34590cea87a3c1ac538,98,92,5,26
VirusShare_825f821e0a9b253259cccad1589a8a31,18,12,2,10
VirusShare_5603f5d6660f4f3559bc99914a7ee9c0,1949,3716,3,14
VirusShare_51aa6bd1db13ac39a67cb42d80df2073,41,22,4,0
VirusShare_d28c22b71b3d27132cdace0331b25c97,66,25,20,23
VirusShare_1bfe8460835dc2b95aac15e91f6c8a70,475,24,4,14
VirusShare_08e551025ce2f6b2029610bda5b741d6,4889,184,5,0
VirusShare_e8ca1c8cbdcc73b6dd83e6b9e5e979f3,34,22,6,7
VirusShare_570692cd2af833f37b00a64f460b71d1,2084,27,7,18
VirusShare_756ac7d93cabc28917021169d75d2f30,20,12,2,10
VirusShare_8dd10d5e32df6a0c12be04270d62040a,56,25,22,132
VirusShare_dba27351052d2bde491708e7abd38c73,33,21,3,0
VirusShare_90f4efbebefbb0d7c00fa6d2f3f493ef,88,37,6,10
VirusShare_3e3723ad66e53431c7344aac8b9a86a4,55,32,4,0
VirusShare_51ed35e9dc67be48a8c172e2fbef06ad,54,43,2,16
VirusShare_62c16b33164f2435ce1ce7b31b01d230,30,26,4,16
VirusShare_eb13ffa6f249f22fc5c666c254a47cb0,56,30,4,0
VirusShare_f0820c16ff012748fae80d7d01920a8f,30,21,2,7
VirusShare_b144232a847105e7830908fb2e5f34e7,2325,26,8,0
VirusShare_1c8158eb3a6212553756ee7aca07b6f2,46,27,5,18
VirusShare_2e912720306afd791206a3784bb743f4,88,36,8,9
VirusShare_52704cb31697e768f6425b7d2846f544,45,24,4,14
VirusShare_e2c42261b7f69dca64b256502c2d07f9,30354,184,6,14
VirusShare_b75f4a72eefb9b0db734531c684c7621,54,43,2,0
VirusShare_af2b9dc42cea7047ad445fb2a49c9fe4,43,25,5,0
VirusShare_8a9fe5aec135e2278d343c5cb2d4c763,19,7,37,80
VirusShare_86f043d414b0fbfc4d1a91c5c508f652,37,29,1,9
VirusShare_553ec0dd4c392bf9436d6a1898afe23e,33,21,4,13
VirusShare_1b39c3ace9147480060832df621ed2f8,62,20,31,5
VirusShare_8362fd7bf7035f57ef930106767a6aa9,55,27,4,0
VirusShare_bded466f0c1e0fe7d6370169679cf0ad,33,21,3,7
VirusShare_8ba5afdd3b19b7a6f7c94332472d6688,4939,112,8,0
VirusShare_2bfaf6cece2d32966da45a350f8f76da,50,26,4,16
VirusShare_d3425f9e3760a75be4723884bdc5b3db,48,32,4,16
VirusShare_9fcf5aa45e1c946cba90d5dcb376cef6,5049,184,5,14
VirusShare_f2fb38ee089ca88ec89c51e1bc333fac,30,18,2,0
VirusShare_3110d679d6b0c76138e0fd1eb0964995,56,43,2,20
VirusShare_a246d6323849a8b56e0695e84f847bda,45,27,6,18
VirusShare_19df802a629f049e087f51c09ecaa40b,613,24,4,0
VirusShare_da62f411b89f6630015401bdaccb595e,21,570,1,0
VirusShare_bc561c405cd4bef5a8aa048b2cae6d12,87,218,5,9
VirusShare_2679531d1ab806e4d400e4e6dbc5a6fa,572,17,4,21
VirusShare_e3f0be5466f1a5c29da12d93ccda234a,39,34,13,16
VirusShare_84f478eb950683d7f9072a5eed31425b,88,37,6,0
VirusShare_22b3a9a31b76681b14cf528aa363b77f,30,26,5,16
VirusShare_3fbdb8b444090d4e1e1cb145f253f303,47,25,5,19
VirusShare_ce34c724200e747fb42105aa18ba8d72,40,22,4,15
VirusShare_d5f628411956ebebc92ec2f31a0ec15b,5046,184,66,0
VirusShare_60223738106f7accc114a9644394fa95,46,27,6,18
VirusShare_59da33a25978636ef5d20fc0d60676fc,88,37,7,0
VirusShare_790168ab69c58640e9e81cd7f0402994,88,37,32,10
VirusShare_dc1f1ead50be0d1c06f7b667ddb8de8f,15,9,2,0
VirusShare_05bbf0d3c27a82e4fcd5e4f97ce47b74,48,24,4,14
VirusShare_f8537506e87367de006b8f73eb0437a5,3925,184,60,0
VirusShare_83c195a22e20b2d1608debd4d489aa4b,20,12,2,14
VirusShare_b40a301f16cfb30ff5bf92453aa3666c,59,27,9,8
VirusShare_4676cda5c97af78db08b6d66f0bc9beb,34,23,4,0
VirusShare_b6f41db7cf9f42c0f92d23c1379f9346,88,37,6,10
VirusShare_b5ddf33d16f01254b483267f00665f74,31,12,0,372
VirusShare_0cad84c0d9e0ff68c34fbaa8ca573d3b,101,99,9,0
VirusShare_06557c14766abf1abd3f5c0b0d058738,54,29,4,14
VirusShare_e9bc88a5508be42c83f7a607bd717ba2,34,23,4,12
VirusShare_3aea7944912580402aecd85e9d002fde,55,43,2,0
VirusShare_fb88fc9554cfec54fe71fac925124a08,41,30,4,17
VirusShare_a6dad263426509f7fbafa5658fe9c57b,18,12,2,10
VirusShare_b747e8639341958e9c172b6e0c973355,40,14,3,8
VirusShare_b42bfb62df8d2b8e1394634d58c7c9a3,56,31,4,13
VirusShare_5760fcf7053b6801ed4710be5fe82511,3955,184,5,0
VirusShare_56abfe6f1c6a002c0baa11e15f56fa0f,5049,184,5,0
VirusShare_c7ab8ba92264a9736555e7d85bec5da7,43,11,2,0
VirusShare_d99c5d4f2150632d7ba454c923f7b06a,33,21,3,0
VirusShare_411c3e55e5f56e07d0f081fb03c65aa1,54,43,2,16
VirusShare_4a21bf00956f523f819d6229ed46dc43,64,20,20,5
VirusShare_c0923636a31b547d120201d3b7358f40,18,10,0,12
VirusShare_7a750ea2f0f7b50f070f18b529af9f9d,594,24,3,14
VirusShare_dd505d9def44438783394a4d89f875d8,30,30,4,11
VirusShare_9f6a759ff35814b89660dfe72a9f60ef,39,40,3,5
VirusShare_b562aa301cf2bb74c5c2b83b9b1956ee,66,25,20,19
VirusShare_ad8003ae6deab39937d5bd942ece5e1f,44,26,5,17
VirusShare_7f4764c6e6dabd262341fd23a9b105a3,76,72,8,31
VirusShare_5fb565eee5336c0b30451a0a023036b8,33,11,2,0
VirusShare_c0610954d74d5e506fcdcf85fe9a5572,43,26,10,18
VirusShare_f2ec315eb7f3c61a7a2932c181c5fd95,55,43,2,0
VirusShare_24bfe140aaafb05eaff79df4d7e3a669,566,20,3,18
VirusShare_664cf1cdb4bc0568914eaa4fa3061832,20,12,2,14
VirusShare_172cab6aa8e530d549496e3794dc9157,87,218,6,0
VirusShare_14775d0fb2fe528d59046278077ba845,88,37,6,0
VirusShare_7cd1e4e36d5cf63334ee1366c0b8a0cd,16,12,1,7
VirusShare_d227b06c6e0e6bdad8ab2dd2be1c1a66,70,50,14,0
VirusShare_b799ac92bf9a60a8dacd72a63f10d52a,43,21,3,0
VirusShare_beac08bb9f399a3a7e6414bb380c2288,24,28,5,0
VirusShare_b88d2d7854e0b515daf8cb0af7295b6e,62,23,2,0
VirusShare_ba2837c378d4aaefecec8952b1d7f947,11,18,3,0
VirusShare_ed56e9ad91f0d070492e0c2a141c647f,4569,184,5,18
VirusShare_562f25a4875e8945deb0e6eb041318f2,18,15,2,10
VirusShare_46c1b384f636f24389d9a16d1dc61a4b,23,18,5,13
VirusShare_b33703523fd9f6156a3bf5366d07ccbd,26,26,4,16
VirusShare_b226d34c94f1ce78b6df9b8769782564,27,25,3,17
VirusShare_e7305b6845e9a4b9b06cc46ae6116dea,55,43,2,16
VirusShare_7a1078e8926eeb923102fb37fe9b735a,25,26,4,16
VirusShare_363a809c2ffcd4911c6b58928e1b77cc,33,46,5,0
VirusShare_2985a11d43a19303bf856fa7918a66c5,45,27,5,0
VirusShare_f125a59db58816874c16955a1089788c,25,28,3,17
VirusShare_80cd472ad99c5490d0383791c24add2a,36,23,4,0
VirusShare_0d6918a5def24a9ee8f2e93a2f2f810d,71,30,3,0
VirusShare_b1788fccb2008055d8cadaa007751c5b,50,24,3,0
VirusShare_3b6fc2fa3972301efb9c3061ecdd3227,43,25,3,0
VirusShare_9efa8385cd6f0a5ba5ba1cc233f7853d,41,36,4,0
VirusShare_5e80c300a7ceef608e2164af05b03ef8,22,601,2,14
VirusShare_babde55b5cec81b473c5abb20ed60973,606,305,6,464
VirusShare_e8097eb5f839c6244f208ee30601db44,645050,14878,7,24
VirusShare_d4f8391183cd223988791d399f865108,54,43,1,16
VirusShare_81e5657076b40c5bdbd7e52812c2b62f,53,43,2,0
VirusShare_35b22cb18852016644271db5e71cc350,88,37,6,0
VirusShare_fb43a85cfa9e7e86515b7441cc048997,26,14,2,670
VirusShare_3aed8098b5ddaf7ed8cff7cfc2d65710,56,43,2,0
VirusShare_636903907b2079e63767c8c20c44f9f2,64,20,22,5
VirusShare_730cab08d3819636689c61b6568d6813,26,26,4,16
VirusShare_ac9fae57cb8167365b91659bef90eebb,88,37,8,10
VirusShare_b461525da79e91ada6d9e2c0b829f600,20,15,2,0
VirusShare_86bd9e90a7af942b482194ed3811c2c2,46,31,5,0
VirusShare_e789b8bb45c88a64f682fb434eb50bcc,73,18,7,8
VirusShare_6c5b89b5698a15fb59e4730b0d3f90ae,24,25,4,17
VirusShare_fe0a42d176f263c52e28537e44707475,56,25,20,121
VirusShare_31dc1e49a23970b62013a4104c0efce1,46,18,3,0
VirusShare_b9d225c0a090e8b14b4fc67bae575ba9,34,28,0,0
VirusShare_5b9a58a9babe102d41c4be6aafa91694,16068,112,8,0
VirusShare_b9669fed298b1825ffa93b5c2ba62de7,4889,184,63,0
VirusShare_bff2fcca4789f77f89dd571e8c1f4f24,31,28,2,16
VirusShare_d0ae21901a98e39abc2c2876f6a577fa,19,15,2,0
VirusShare_aa42b47ca203a30de9341df388d9746d,9,17,51,107
VirusShare_4d5987df08ce1951d439b9c70ab4c768,46,59,8,20
VirusShare_85291153db73f774483446130b477d24,33,20,3,0
VirusShare_8112e50deee81b5eacfe93879690fa31,54,43,2,0
VirusShare_08ef6cadbec844978b0fd8623a210c66,573,22,4,15
VirusShare_138e4fcef51aebe56a7a04cdd8ab7678,88,37,6,0
VirusShare_3d6cec57f51699b54f0724e6eaae57c7,68,25,20,135
VirusShare_5d449671a45f5954691ca6d6fa5eedd2,54,43,2,16
VirusShare_92c3d19c1bb3c6d8714d7858b13ca7f7,37,25,5,12
VirusShare_cd41c0e3d6aa075cbacadee78a42986c,20,11,33,225
VirusShare_53a418233a0e7f7b21d5c70eea00a78d,45,34,4,0
VirusShare_37bd0452658aefdb8e7afd565854785c,54,32,7,16
VirusShare_1ff5ce6de36c485c444ffff01c68f44f,46,14,4,21
VirusShare_7cc5d73bd0c8edbb580c59d41098c29f,3977,232,7,14
VirusShare_d60118fb7029c8c20fdf86f713bd36b7,37,8,4,0
VirusShare_53ad943fe07be315d908c6b8fe305a08,1337,16,4,32
VirusShare_dcea957e4c4ef35a7a8078f4cc43aef8,57,47,2,0
VirusShare_98f62179588d4079c08f8b0b95b50965,55,43,2,16
VirusShare_8b2b0fdfa573ab434a7036e167191c9d,32,26,4,0
VirusShare_0f60b0b617b04f1698526ac102787592,88,37,6,10
VirusShare_58df75f2feaa4ea3b1ce5e1ed7f7fc9b,39,38,2,18
VirusShare_edd3f0a68945ff1f8dd6df454d837e2b,63,16,1,25
VirusShare_7aa6570b6bf239f7b4eaf641716e4d39,5049,184,60,18
VirusShare_8b74bde6d1d4e77e80ec6ae82d4dbd7c,63,16,1,25
VirusShare_b302a088994ed87a16f6f5893d0a3758,5052,186,5,0
VirusShare_bc8f713dab8eaaf605802349de3e60fe,33,21,3,7
VirusShare_2e89c72ed4761a2e9ef2e275324dc0dd,327,11431,5,0
VirusShare_d72b2801b27568aa5160999323bb7c1e,3073,25,5,18
VirusShare_2a31c58d922ee573dacc158bbb3cfbaa,72,30,3,0
VirusShare_95ea5f0353db373a8c14d4964dcc849c,45,24,4,14
VirusShare_842af601b5d442772d7db09d9feb298a,602,20,4,0
VirusShare_4de2194e5b1fed661f963ac1866227f5,2705,25,6,0
VirusShare_8cb3a11b887636622f6c63ec30fa2178,62,23,2,8
VirusShare_aadeb008a365ea6ac025a8f77c957d82,52,27,4,0
VirusShare_916b938658b57f46ee3ac96fc8125aa7,18,18,5,0
VirusShare_a7a34b56bb12e2e0b8ad5501402379cd,5049,184,20,0
VirusShare_ff80371810dff12a679bf85583920a51,39,33,31,90
VirusShare_793f9870ea7e0ced29e8d689c458627e,64,20,105,5
VirusShare_0589a761eac77ba349b59088af67b4ea,20,12,2,10
VirusShare_88e40e5be2bbf1ea7252986c7fd180c1,36,29,4,0
VirusShare_a3c16fbcdefedfe9285e4211ca3c258a,32,29,4,0
VirusShare_c598e4505ea9165e4213ce1cc3c2912f,18,12,2,0
VirusShare_74a7079b0d768a36b7b14c280ebdf279,28,22,4,0
VirusShare_341f5659e75366819338aa68a20ba881,36,14,4,7
VirusShare_990c4f908b3a492cf99e091eaae34896,88,37,6,0
VirusShare_3749f53f40bf7501173a880c56d65a10,60,32,4,46
VirusShare_d3b6051b061b2a03aa24acad5774b4cc,54,43,2,16
VirusShare_e84417a08e9ac5c527d5a6b0219a007e,26,26,4,0
VirusShare_77fd8616952647a01a3cad7d1ecf93aa,88,37,6,0
VirusShare_e9b357d8e80d06c6838c02270902308e,37,24,4,14
VirusShare_d6c2070bc2950fb53d8c93ab29b83292,28,16,3,0
VirusShare_2c1741b5a23776e903cd5c4e94122666,22,15,1,0
VirusShare_c339264fe5856e9f4e9e7ac356cec587,30,17,0,0
VirusShare_ae2b7e03b74b1ff6c8dbe01eb1401ea3,45,24,3,0
VirusShare_43c2b6a3c915a8218793f1c5f101dff0,44,25,4,12
VirusShare_b224fa2c8e9e5a4bccbf9e4fdf15bc2c,17,11,2,0
VirusShare_e01733ef09a20256ada587920dc8de5f,17,9,2,9
VirusShare_092335fdc7be39ff6098cc8593a9343a,4088,184,78,18
VirusShare_9488596fe1cb5eee6efeac29203dcf8f,369504,3205,7,25
VirusShare_f9b493e478e68698c4f60dd7d2b62559,3239,27,8,19
VirusShare_9f075d3588ff1b4eed7d0571006b665e,54,43,2,0
VirusShare_5de305253d5286835c13e2397d28334b,21,182,4,0
VirusShare_7e4ffd5c385cdb4ca9cc93e0c5525e34,5784,20,4,15
VirusShare_94b30746b72bb740cbdc375d0a6b92fb,18,12,2,0
VirusShare_5aabd2a1dcc255c6330abc91632abe22,43,23,3,17
VirusShare_409ff37622f9a6901bd96ecaf60136a7,116,58,4,38
VirusShare_6730392da2d999b40319af5e4a0bc99e,20,12,2,0
VirusShare_2f0bcd2f2192cb66e87f5bbafae17e91,29,21,3,0
VirusShare_f0c26a358e34cd1bf08663793d933379,88,37,6,0
VirusShare_3623bdc4fcdc344c10344c39fbdbb703,37,26,5,13
VirusShare_b86725ae00e40c21d8b374aa4d550bd9,88,37,6,10
VirusShare_dc1c24d2a66d3e1c6453969013988a2a,5049,184,5,14
VirusShare_b623458a5e02ec0e7dc053b5837fb682,53,29,4,14
VirusShare_7ba91a28bec6bb0bae143c928f965381,33,29,3,0
VirusShare_5dc8f4ebf0b43f26944c51f2c47cf47a,28,15,3,8
VirusShare_7a4a7a36e16328f91b9f5598964f04d6,20,12,2,10
VirusShare_6d011884c22644ea7ded66d15e457dcc,22,19,2,7
VirusShare_1c71f8d18da0f7bec3f05091a065a27b,50,26,5,17
VirusShare_09f0b3699f57217ab669c47962a7aa4f,45,40,61,26
VirusShare_386fc3cd4d8aa71cc2a434b19e13d10d,39,27,2,18
VirusShare_7ac188f705f9b7c93dd4e336d5e89329,16,16,4,15
VirusShare_3a7bb2397148a8ff83f26b0b61a4e3b1,33,21,4,13
VirusShare_7528388060f603712ee672256af25b9c,57,186,60,0
VirusShare_ff47466eb24e722d77f6f5dbbb53e2df,30,26,4,0
VirusShare_47d14d178abb9c791debd4afd3fab0df,57,31,4,13
VirusShare_1fc53c50072e9a09d4bf22a8e36dedcf,29,16,4,15
VirusShare_d572c5bea578b10f19a55eaf6a6d4dc0,37,8,4,0
VirusShare_e3195ccc67ecc8342685b3f2471890e1,46,27,5,18
VirusShare_31565b44bdf52f387732f3b46c25d5fb,43,30,3,0
VirusShare_bf45de462f4fda1bde917a15b84a254f,35,23,4,13
VirusShare_705c7d8f8cb72b268e58ea730d6e3512,49,32,4,16
VirusShare_4fa5462c571ca09b5c59478a5b7e0d53,3928,184,70,18
VirusShare_d8737732aa356914b973d7ad29e22454,31,27,2,0
VirusShare_923295479428e34fb99323d4cfe11a02,56,29,4,14
VirusShare_5a4ae1c81bfd7e522a922f2bdc7e9cd5,61,23,3,8
VirusShare_5f1ff878a58c3e78d1c55e6d77cdccde,46,27,6,18
VirusShare_c3b60126b9670eccc6a8584380f1857f,29,18,4,0
VirusShare_714c6d2b9ea127de8b438fd16ec5326d,20,12,2,10
VirusShare_258639ef6c482321ac369ee8670b2a8d,44,25,6,19
VirusShare_c23810e92fe985913fc3917888c2f95d,88,37,7,0
VirusShare_891e75cd86881af4ddac7f24db9bb87f,33,21,4,0
VirusShare_caa7dd330f7692022321494509d90292,20,12,3,0
VirusShare_785d69e1836331e5a1b65c9d7408f920,37,26,4,12
VirusShare_361e859fe3a5380d9e463ced63ac848c,40,25,3,7
VirusShare_cd12f93a3b4c2de728662500c2231d53,41,26,9,0
VirusShare_9472bd51a84eaa37ed7e336e3fe05180,57,28,2,0
VirusShare_2a70d1d93435affa21311475a64adb7a,56,32,4,16
VirusShare_a0d9bcfacd7a2f5e1952a8cc7b2f889c,54,43,2,0
VirusShare_aeae700ee6d2092ddee61b6180f5e250,54,29,4,14
VirusShare_0a821985895a1466641d4a23c5444f1a,88,37,6,10
VirusShare_556750f3d50b29aaad64ad821cb545e3,55,43,2,16
VirusShare_c3dadbbf795d77081aacee5fb80719f9,20,12,2,0
VirusShare_fed636d0d24a38f51532e1c28475f48d,76,23,3,0
VirusShare_c620be89108abdc83eca0c274177d819,2323,26,10,18
VirusShare_fcf5f2226237b0962210c658d4baf37d,54,569,2,0
VirusShare_c71c163141a0583b4f526f828fafb7f4,45,22,4,15
VirusShare_10c9705bbbe6c97508ac601ea53e2778,56,65,45,29
VirusShare_de45e4c5c6015972e0b4d777a84fba8a,37,26,4,17
VirusShare_8edda3e43da3f5d1ba730a38293f2409,5032,18,5,19
VirusShare_012df573434fdce5c1a3b849f560f25c,58,30,3,21
VirusShare_34272d294872d0671c79aef5f38ea549,57,34,2,19
VirusShare_c1cea6171c52e4964d9bfb60c404b959,37,8,4,0
VirusShare_8d13710bcccaec12c4f5cd63a93eecf8,20,628,2,0
VirusShare_fa94f3a18eb39c5e39263a4fe88c152c,54,43,2,16
VirusShare_804a1797c3e867c182011878932646ac,58,13,11,26
VirusShare_04159fd26a377aa7bb01c5450be95fd8,55,43,2,0
VirusShare_aa2da548465896cd4681e9e0ac307080,62,23,3,0
VirusShare_df8756e5ece412dfb07973179a5bfb9d,56,44,2,21
VirusShare_3dea152894365798f10c7d44ca429637,37,25,8,19
VirusShare_c465eb57f6d390dfe8f7e13aa1a37679,51,26,5,17
VirusShare_c07457b96ebd6f71f9443b3525c3a04a,56,43,1,16
VirusShare_240f86cced4728a8ebc64619eb89b80d,3955,28,5,18
VirusShare_bcc427859166370e876dfa174d4ec2f5,58,45,5,0
VirusShare_cf18efd364e0224542f2ebb9c7432508,1541,1549,2,0
VirusShare_7259e973f57b559cfe84d5e196327da7,2067,26,10,18
VirusShare_512600cade78f818512b8443af7d508c,44,25,4,12
VirusShare_1adcdd8657fafaeef2cc7c63c98d79c5,171,184,5,0
VirusShare_b07c0c90aa3f656a73c83f360fb55ca2,35,29,4,16
VirusShare_159d597eb3743fc0d4686d5bdc5d237a,44,25,20,0
VirusShare_23ca80825f55504aeb84ac4ad7540c6d,10539,21,5,18
VirusShare_864ae8bcb04cda51edf97f775e994843,66,25,20,0
VirusShare_f4f17c72f5917b4261d126c1144e33bc,88,37,0,15
VirusShare_254c20b1eb372b339ac1d4fce7c3f30d,3949,26,9,0
VirusShare_72496ad44beea1c2fca1859dc9dabbeb,28,16,3,7
VirusShare_cd98c2b681ff2517c1fe42cd166c2477,41,49,15,58
VirusShare_63b9036b820e92e346da989f0656a198,20,12,2,0
VirusShare_4d83b16300d0b86ac125a73da00f329f,55,43,2,16
VirusShare_03fb70b9d47d7cd0c321d263aff218b2,18461,2071,3,0
VirusShare_ef2342150e5bc08c405cabfccc24bc7c,36,28,4,0
VirusShare_d5607adfe3a34d02fc3e7ce5111ee58b,88,37,6,10
VirusShare_ebfcb875fc5caf487209fdc5defca623,22,403,2,0
VirusShare_6ead95bc92838287abd36ab1bebc2d6c,18,12,2,10
VirusShare_d76b7de32ee3a7a25d22b515c1fe7453,48,27,7,0
VirusShare_db6de092836de6fdca58693c9eea5c71,26,26,4,16
VirusShare_4516f702b804ef767f8719a29f24292d,88,37,41,10
VirusShare_10bd341ef2f188eedd36a16ecddf15dc,52,29,4,14
VirusShare_729efc299fffeaa6861f6900a8de5eb5,56,30,7,17
VirusShare_35abc8252d01fa75e6e5bde6487810b8,80,44,4,0
VirusShare_160ca4af69f035cdaaa0bf14ea6de7c6,56,43,3,0
VirusShare_e9d0ceb7c823a511a2f59af62cb2186f,64,20,20,19
VirusShare_ac4bb3462446a7951471bc04a744612f,33,22,4,0
VirusShare_796adbdaa24d1ab0d41b6b5f60b6530b,20,606,2,0
VirusShare_c3c764b936d0ea0af423815ed598afc3,62,23,2,8
VirusShare_619275fb10223cf23a9c81913e32bc97,35,23,4,13
VirusShare_5bc5bc778e5d473ac4ec62d28f7739d5,54,32,4,16
VirusShare_1723f559f8fe898989f624f6cf4999dd,34,21,5,0
VirusShare_c14aecf78f8765266600e277bd55951a,30,26,4,0
VirusShare_4a0aa138adfc637d2a2f6d42f7c72cd0,4140,184,90,0
VirusShare_546c9fe27db13f4d044de217434d6be4,33,22,3,0
VirusShare_5c7c193a4738beeb6d5bbcaec9f5a2ca,20,12,1,0
VirusShare_7bf3819c68802837c357a7212686f437,53,18,3,0
VirusShare_71c8432d8bdc1eb99e2db9dd7477610f,57,47,2,14
VirusShare_e7d39768af0bbf9fdafeb65822b8a495,45,21,3,0
VirusShare_e60601f59754b74ea3792847f3828666,46,18,2,7
VirusShare_450625342bfefad8dfc0557f2525302d,41,23,4,12
VirusShare_45c8504d9dc720e20e74f006e45b0f42,112,57,8,46
VirusShare_e1e11e109dda647bba60d4f602907ffc,39,30,4,16
VirusShare_d6f17b2091893683c7d8bd23e5ac5510,39,38,2,0
VirusShare_dfc61bc1f1f15516d924232b53616f19,55,46,17,0
VirusShare_01da30c34a66a4d458062a7ce5282fe4,46,25,5,19
VirusShare_27160850b22301aabe74a501fb1a9c46,36,24,10,19
VirusShare_a56232f146c204366d68b7c964199a80,44,26,4,12
VirusShare_2c7da152ba96e295597ed0cc5ed68d6d,50,308,14,0
VirusShare_3e22b36299c56d67922f69abb37da167,17,24,3,0
VirusShare_13d0496390de22bf97c38713acb442bd,34,25,4,17
VirusShare_b0c82dd9540fe10979c007f4bf701e60,4088,184,11,14
VirusShare_096496d0bd7771e88793498059ec9343,31,18,2,0
VirusShare_f200d32a5da23f5cfd584d1137b63cfb,48,32,4,0
VirusShare_7c6dc53099d0edbbb0a32a27a0a05ecb,44,25,4,12
VirusShare_e427319bb8800e112ad2eb60e6512054,56,43,2,16
VirusShare_bfa38c59ea7d71edfe871305ea32b13d,47,34,4,0
VirusShare_88b97090421e7cb4dc1be98c0bd796c3,4507,22,8,16
VirusShare_9d55c192f6ff2012573e867f575a2a9e,20,12,2,10
VirusShare_8ad692d593a6d7b16a6ac78ee6cf2f01,15,6,0,0
VirusShare_041ee684dff2b4bf5317a602c58e51c6,37,14,3,21
VirusShare_3710366fd5db69182701becc91961810,45,25,5,19
VirusShare_a6a00121a6b22cb8077cbb63522a6f2c,21,381,2,0
VirusShare_245704dbb566fa946ff96d3345b480fc,44,25,4,12
VirusShare_fa7a6b22d1e42279ff3f42717b2d5eed,133,35,4,0
VirusShare_fec86d1895300ee1181385a7b79e2abf,54,43,2,16
VirusShare_b625c488c5cb797037f343df805cc74b,54,26,5,16
VirusShare_c375d7d050889ccac95ed28709dd31fa,6557,27,7,0
VirusShare_4d3bb3381aa41afa839822b9ded7c72f,33,21,2,0
VirusShare_6bab1e068a9d1cbc46cf386c19df298c,5049,184,5,14
VirusShare_7270e2fe5663e6a908d340ffb6db8834,88,37,6,10
VirusShare_490444587f3895f57732ca2d43f65e35,20,12,2,0
VirusShare_404a498e4247304fcec0ec3df98de3c9,88,37,30,0
VirusShare_bccc701016a063502d3a2ea096b91cca,33,21,4,13
VirusShare_11a7a9f532fc4e5691c19ab9c6358e3e,46,24,9,20
VirusShare_c55c637fae623b7fefa049d5e628cb19,30,21,3,0
VirusShare_67b543a3032a6b7a45f2cc8076433be7,19,7,34,73
VirusShare_462c79ca1e746ce14c502979d945139e,49,30,3,0
VirusShare_ba2435b3061414c2ba624314d3f581d9,49,63,3,5
VirusShare_f3297e8e057660cbc9793f34801d9226,27,21,2,16
VirusShare_2559644b4c55832eb233bca3816570a1,47,27,5,18
VirusShare_453d6f3507a61249cda6bbd0a659265b,44,37,6,0
VirusShare_4d1c64d05b5db7adfbbb537d71f70ad8,66,25,62,0
VirusShare_312be7a95530659a34bc06b5de2ff18b,22,614,1,0
VirusShare_e2e34cd94725d90237bb3a72dfe600c4,59,35,4,24
VirusShare_a96b69e2476bf126cf9511457b03b820,19449,37,2,11
VirusShare_e1854b9f8f5ecae741b969d9c780c11a,43,25,3,12
VirusShare_94e9b093be1c739eec4e750c0ee3c527,18,12,2,0
VirusShare_b50e9a004e69a00ec71f84c32f31697e,33,21,3,7
VirusShare_fbd75e25d1af6f0ea9b89198da56a111,19,7,38,53
VirusShare_9bbe82a7e9db7a8d37b867a898acd263,26,26,3,16
VirusShare_a80aa70e95e96025e32d338d01f3184d,20,19,5,4
VirusShare_870238573b09d17b26df798810c80c51,43,25,4,12
VirusShare_a9f9d36799f6b600ecbb4ce4aec1aca7,33,27,5,185
VirusShare_3f4974580d09b2df652a238aac57c238,32,20,4,13
VirusShare_ba0f52cf80461e9a976ab316d3b7c863,20,595,2,0
VirusShare_f8c502adb86209afe59a528b5b4e304e,30,22,2,17
VirusShare_180cb2bd4c85a828d0a0bda253fbeaf6,43,22,3,15
VirusShare_c7d7e3f290830ba98dcdeda8ea23d25d,48,25,3,0
VirusShare_9514381b24c66a462a0cb5f3c3bdce22,16,18,3,0
VirusShare_16ddb9327b07e851b0097a5af2430bc5,33,21,3,0
VirusShare_74022ded0c626bc340442eb0b2cde924,42,37,3,10
VirusShare_91f5647cdfc0c5cbb2b2aade4b9113f5,63,16,0,18
VirusShare_fa140ae2447c9138d768cdfa6e97c379,25,25,2,20
VirusShare_6c20d4fc9a848ca84c58b28fffffbff3,44,22,4,15
VirusShare_46c26d5e3a2d97a38c3e811c00c5be41,44,44,6,26
VirusShare_ad8b05f31badde22c05fb52248812b59,32,23,6,0
VirusShare_07a33275eb11211d04db850d264e2f32,54,29,3,14
VirusShare_a44eee9fc8004cea5437eae323527c79,49,24,4,14
VirusShare_56b507ca26eb2db0fa18185db4e12b41,45,27,5,18
VirusShare_3db4c8987b5c13533b7cee0307bb3fef,40,29,4,0
VirusShare_6e7370f394723e74799bf6f337592dcd,36,24,3,0
VirusShare_1de96be1933410dc38c28669b73329db,26,26,4,16
VirusShare_306927b80c7327d045a4869c216f75f5,36,14,4,21
VirusShare_b0c93eec1a88c1841e62522fdfd74ca3,37,24,4,0
VirusShare_e74963daeee5afdb0ab7bc142cc40e27,53,29,4,14
VirusShare_6ee885c404e92e25ac62a963c84f1d38,20,15,1,10
VirusShare_69aa1f6ca09ad338916d3538b8ffc75f,23,13,1,11
VirusShare_03de06305b259041989a3543e0dfea9e,88,37,22,0
VirusShare_7635a265c6519d400131cce27194c92e,20,12,3,0
VirusShare_3b87bf8df0b3284ded045ad47dc8d793,243,184,3,0
VirusShare_7fb7c97b2e9e0073ea81381289e31263,88,37,10,10
VirusShare_59d9fb9857566292b3071dbbf4010b0e,43,40,2,16
VirusShare_9783669814696c1f2c40393329b5754b,55,26,5,16
VirusShare_107900045bcb8d2f635f483296faa105,60,17,4,25
VirusShare_e0972a185ba9576860d885a28be4f2a4,31,33,2,0
VirusShare_4be9072dfe5404835c4612c547887324,51,24,4,19
VirusShare_f29f16b1d396fd2ba84c758d9a725b8a,58,21,15,48
VirusShare_0b904af3a61178093a9c5e8cbeafae63,60,45,5,0
VirusShare_5b0fda7efd06d64078ee6fadcb302758,54,26,4,0
VirusShare_43ea66123a33b672d17f77f67530de8f,57,30,4,0
VirusShare_2746e787a08fb2267627701700aabfce,74,23,3,0
VirusShare_b524ff91cde750e5f46276ff89f44939,60,17,5,19
VirusShare_cc196e3c236bab3be1c12d6e65d192d5,62,23,3,0
VirusShare_c5db6999d9e0671158c241d404e05a82,44,27,7,0
VirusShare_9de5039931f552a3fa35e360f1610d82,58,29,4,0
VirusShare_24aa9a6968e9d0d115a8f06b74f60b47,3928,184,5,0
VirusShare_47b36e04cf01bb4506ebaba646cfe3c5,47,27,6,18
VirusShare_268c548f4b9c1323c14da12bdbc9afbb,32,24,4,14
VirusShare_74a60aa0d7bc0719ec5de5b86d9d8db9,3928,184,5,18
VirusShare_7800295a963367bc01b1e12b5cca9b8c,20,15,2,10
VirusShare_7b67b3a985648dc13a1b9fa6d1c1e05c,55,48,2,0
VirusShare_33a50a9399f416b125e3302ebd2a132b,88,37,6,0
VirusShare_cd3edbeb9a1231ab82490f69a5d8edae,52,24,4,0
VirusShare_77f1088146b57a692b07b019a1ed82a5,15,9,2,13
VirusShare_c877be13120d3d023b426c7a69233951,86,37,2,10
VirusShare_8f160254d4544759ee2f21ee67e8d499,88,37,6,0
VirusShare_256e4d3c013fe49c6166da2d3ba0c524,58,69,8,0
VirusShare_3f5c73745f7c17702bac0642a85d7d80,41,49,15,22
VirusShare_26b8b9185e5814390611aa7abd85c1d6,46,14,3,11
VirusShare_ff728da3beb79bf49dee48787f821059,45,24,4,14
VirusShare_3fdacb4994cd32d4d117016b9839af08,37,25,4,21
VirusShare_9c0500f8710abb3771bd80949e0678fb,88,37,5,0
VirusShare_11886c542d2055a691f404f0921b2148,55,43,2,16
VirusShare_8aff9f491d6ef663520b187296b534df,10583,22,6,16
VirusShare_4e58293f1efe27a5fb3a5a30f28de58a,15,9,2,0
VirusShare_8c6abb6d12369ce1a2fed73bfb53ce1c,54,43,1,16
VirusShare_3345cc63db7e52c70e78f8a82d3cbc61,36,23,4,17
VirusShare_c2576aeff0fd9267b6cc3a7e1089e05d,38598,24,5,28
VirusShare_5c3b25512f3696d6c5a52266c4b070c5,19,403,2,14
VirusShare_cb3d93f65c64e48ef81274a49a748ce7,53,51,4,0
VirusShare_6ad0aa5378bef952fb68be4c22acda16,37,25,4,0
VirusShare_c68f05cdede01ffb629fec62f9262e77,46,21,2,7
VirusShare_b754622e816fb2281402b86f75fa9ccf,72,72,3,0
VirusShare_ff9f2d68e90564fe6c0651a465834c24,56,31,4,0
VirusShare_abab7cdaf6febf035fa5dd7d72519d6a,4079,184,4,18
VirusShare_12f3db2da7750bf0fb225d0bfc2cd275,20,12,2,0
VirusShare_942ac7a7c2e79b1344b9053d838db99e,43,25,4,12
VirusShare_9af9814719709557de417b1939384cee,45,27,7,0
VirusShare_d42a94bf3cf66d9cb0a0b9a44efb79de,28,16,3,7
VirusShare_cb72e3970a7829168d0219fbcf887274,59,45,17,106
VirusShare_71af8dceb9ab1e65bdbfd7be2d9a78c0,59,45,5,20
VirusShare_d987cc57d626f7ed7cfd84ddf069fb14,547,25,4,15
VirusShare_d4e87614992d6059c160f6e1098176b9,4729,184,71,18
VirusShare_fc4e63c6248e3ba0f641697dff9b45e9,36,14,4,15
VirusShare_f99f572c6ea698093d379b5af109b1a3,3830,184,5,14
VirusShare_77044e1fae8c9c387579d9f192773e97,2088,26,8,18
VirusShare_b63b7971da2e671f47ec31970ee73829,40,16,4,7
VirusShare_0e04ee9d5e3a2c41faf55a5dafabf8cd,41,30,4,17
VirusShare_8bdf404e8d04d15057ea92d05f404918,54,43,2,16
VirusShare_0bb20451cceef09c5dbb96e9e0102117,37,8,4,13
VirusShare_c3c1d38e393566fa27320f55c20bfc77,55,43,2,0
VirusShare_953e5f82133e06d77968ba056e82e609,20,12,2,0
VirusShare_a8805565c5a7375c1d8e7d5e345c9f9b,51,32,4,0
VirusShare_659194bdd0fc16ec9c037c9f59af4a3d,99,126,15,69
VirusShare_a5ee79bd676dbaead3984d6eb9d4bea8,62,23,3,0
VirusShare_b95cd0413c19f7d38ab9e0403224ba76,4892,186,88,24
VirusShare_c96b47b256bcdbf9d1bf71e13d7b489a,44,28,4,16
VirusShare_91ae2b0bce0e4f64c49cab4a83625661,10,10,3,0
VirusShare_b08b2fecf4cf777a381a1fa8f6888305,30,26,3,16
VirusShare_94aac4472c2f9d2f0fb8e09c32fe6e48,56,40,2,0
VirusShare_eeb026e63bd9c160bb5548b95c3ca312,4889,184,91,0
VirusShare_cf31caa805100e2820b526e1b35d9129,35,29,4,16
VirusShare_5f69cb69867aa75a0f8d013b1b4011dc,19,631,2,10
VirusShare_d32e7edea4de6150fe810bbdde746ad1,80,74,2,39
VirusShare_f9a1df663ce71e60a371ccd206c04a43,88,37,6,10
VirusShare_d825c684ebabac9997fe7847b994e4e3,3925,184,5,0
VirusShare_6e7ae81a9458ab9343c3d39a84444016,5046,184,60,0
VirusShare_f3d563c9b1403cb9cfa9358e99d1d9bd,44,18,3,0
VirusShare_b7e277a6b235700986eab1bb8984e3b5,25,19,1,19
VirusShare_e844178dd9f8cf53f1d38afe0cc56b61,88,37,7,10
VirusShare_a3fea85ba798be386e2eee11830633ab,18,12,2,0
VirusShare_43f164fe98880fd05f499aa931ca1720,44,26,9,0
VirusShare_26746c017133b330c73f9ab39de9113d,54,43,2,16
VirusShare_946388cb8a44e43607c01766230b066a,88,37,7,0
VirusShare_d39b408c5d476cde0646ecd21b0a982a,54,25,21,134
VirusShare_e711723f3301251615d6009382c7234b,33,28,4,17
VirusShare_9a8560a5bd681c61d678d3fac39bc64b,22,12,2,10
VirusShare_d57644971c1ea894ac94f1238645b194,2341,27,4,18
VirusShare_a18fa988e0241fa354d644341dab5f24,6553,27,8,0
VirusShare_9a38b8aa1656cf68050d3e481f4dbbc0,20,12,2,10
VirusShare_1e68aec30ee18e18f87ed6cede35707e,38,30,4,16
VirusShare_1b29cd25b9ff05c00fa9f7c41ab24dc6,57,25,20,148
VirusShare_90d4fc152add636afc2ff88b316eae3f,55,43,1,16
VirusShare_9c96dbad62b72bd36a87bb76880d386e,31,16,27,112
VirusShare_62311c8a9cc1e4334a826c5d3e41697d,33,21,3,0
VirusShare_96e254a24b3b47d6dfad869075a87198,17,15,3,0
VirusShare_4997cd2c41e698e6b69096c2d9c46546,55,43,2,0
VirusShare_9d100ff189d06994ede27d81a25e4535,5049,184,60,0
VirusShare_277f3a94cec566a1c93e68ac79f37ac5,42,9,3,14
VirusShare_c4acc2e3fa7ca15f1fb02a25faa0927d,2335,2314,0,15
VirusShare_32ca778b0179820d6f3e4d852928e3af,1,1,2,0
VirusShare_13e61298c66d42940be3145a8c3e9606,56,25,22,129
VirusShare_fe1595f0117b67a1d9cb68913d5725d6,88,37,6,10
VirusShare_b96d0c8e234333843dc22f47346fd534,51,26,5,17
VirusShare_813f3a0938b5494b7b9de8bac6e1970c,54,43,2,0
VirusShare_8915457ec3d024668fb8b1ab90623876,54,43,2,16
VirusShare_d472af384474f603f0965b7d0bc4d7f3,40,20,3,18
VirusShare_9fc5824e7d9460c7ddbc0fd486fa9ab4,58,34,6,21
VirusShare_a714c8b339de6f294c377178351d345e,19,7,34,65
VirusShare_51b48c46c5ac566cb5e11f41fb993218,56,32,8,0
VirusShare_a3df4bbd06c864b607c3b1188c53d3b2,56,31,4,0
VirusShare_b3353b56611b7626bdcbf7e99c2d2eb8,99,368,6,163
VirusShare_55c3ef4ec4550864fbd4192b63c8f541,61,31,3,13
VirusShare_6c83053b1d50de68c20c823a7ce9c051,68,51,4,5
VirusShare_134962898fcf687f5d3bfe1f09aab948,52,26,5,0
VirusShare_91a7354eba4140a2fd2dfb367a2a7c48,63,16,1,25
VirusShare_48020c5eee9adcd09cc2f017a6e6a37b,19,7,34,82
VirusShare_579301418acc2b649068defac97ee4d3,56,31,3,13
VirusShare_e5da99d7a7e04662e7284296220e4a2c,45,24,4,0
VirusShare_2e6453a7eac407dbe47b70b72082490c,2588,17,4,0
VirusShare_858b1f1ec422a57ca2a531ae34cb10c4,44,26,8,0
VirusShare_97eba76aaa46f788cf938828b2e12c29,2321,26,8,18
VirusShare_a5b009b9b0f574f219905aa9a8908e31,53,38,0,0
VirusShare_afec7501758ea3af30ddf9eb8efddc5a,88,37,6,10
VirusShare_7fc5e576b2dee4ecb2508698e2c03c41,2122,2036,0,0
VirusShare_b35b8cfb73f2985774b81fd1a985815a,19,7,34,84
VirusShare_02460ecc564f17a2b91c980672d9cc3e,932,25,5,19
VirusShare_25df04acf0030a5b47e60d2deb450482,18,12,2,10
VirusShare_4cb1076e7442b49bbab1aaa19c1563af,35,29,4,16
VirusShare_cba97fe95fdcc20693774065296bce0a,58,27,7,0
VirusShare_6ae7a8b622ea8eb90cfc5a4747a5b925,37,27,2,0
VirusShare_8ed103253406c215603df8a2f8f83fc0,35,23,4,13
VirusShare_9715cecdb6baa86454cc89314ab17261,20,12,2,10
VirusShare_9a09b6c8f72687bad930d07fd837e275,40,22,4,0
VirusShare_5f3516ba815650182bc04cc7f2314dbc,43,27,10,0
VirusShare_b911a96726fa8c2506bde67733296975,16,12,2,0
VirusShare_3a91a2f9eec4717e8205a532ef9e33f8,27,17,3,4
VirusShare_78c8083647b1c9de7553d4c096f06702,5089,27,9,0
VirusShare_af5579b121bd34f60c2c2425e7d5e888,19,7,34,86
VirusShare_adfe97d772cacee2e8eee91647b8e352,30,26,3,16
VirusShare_1ffc2155a58e3b27b1e6ecd0d442d18c,19,32,5,17
VirusShare_a0f939d3b9cc53ea23a6e0b92eba3622,44,27,7,0
VirusShare_ecf479161e8ba29d9b61b75b82728e59,58,31,3,13
VirusShare_12ad691a5a7fe2983e60d5f1e6c79c4b,88,37,8,0
VirusShare_5992df2c67bb83df6ad5ea01e0af5ec6,54,43,2,16
VirusShare_1d447d1941f919e043494143d3a2c7e7,43,25,4,0
VirusShare_4ab83657372ed108c4d1fe5f77fafde7,4953,184,5,18
VirusShare_15eb36c27a6b1b1ab10f8621f846beb9,29,29,2,5
VirusShare_846b86a9e15edf51d6f2a0eaec95cf49,54,43,2,0
VirusShare_24a9e1b306362d441e90260766f84018,71,30,4,0
VirusShare_f611c19583126763c5c52858f47791d6,90,43,5,5
VirusShare_ddb1ecbe910298a8f0cb5ab500bf4e39,26,26,6,24
VirusShare_d9042fd88afa4f2e2a888492bc14e4a1,2318,27,5,0
VirusShare_bc85e5e5486326555758b2d996d10f53,43,25,4,12
VirusShare_f08d9285e2721cb7a1ffb37c90b5ab95,73,23,3,0
VirusShare_7720dfeef12abf6ab644dc5a96f1bd4c,35,29,3,17
VirusShare_9f2994c909f497f4e2a06acc66da8e9f,88,37,6,10
VirusShare_ce7972614983a64ead5de0efab4ac50e,42,25,4,0
VirusShare_ee47f2e88ce2f37d78eccaf7095c7681,54,43,2,0
VirusShare_59e8ca73d81843cc47a036be533effa0,58,31,4,13
VirusShare_433cd3c6bc848ad867f25e341b922e58,36,28,1,0
VirusShare_8e69c06a2d8aa30c9d5d81825f79f491,88,37,6,0
VirusShare_8509cf57cbd602455096d3754706ec4e,4732,186,66,20
VirusShare_062bdea31add9d4de5a69f72eda27aa8,88,37,6,10
VirusShare_fbb23e567832d999c0f03760d20ec688,40,27,5,25
VirusShare_cae72df13aad0f3453467f3788fc46b7,4147,2904,11,0
VirusShare_b6473b46b7ddcde6646f1d7874f33d6c,33,46,4,0
VirusShare_bbf871cc756c6d91608c2b0a8e0bb169,39,36,3,0
VirusShare_80e8010c6712d3e99da690e616bf6e14,88,37,6,10
VirusShare_b5db8ffe7367b677fc1d4f8839ff9449,36,8,3,13
VirusShare_0f65b96e349b69361dfcddadd80992b1,31,28,1,0
VirusShare_87da63402883347bf7c4967935c7a22d,37,218,4,0
VirusShare_9590cf63c14047adec7effeaecd50d9a,88,37,3,10
VirusShare_f3e8a50f0c1c3a510f882d0fdb121960,1597,21,4,14
VirusShare_b85c8d90a181cc08f7ebc0a2347547f4,10,10,2,0
VirusShare_2dc2808e5c82282aca109c2bdf20fad8,59,21,2,0
VirusShare_6bd9dcc842103c1ebfc3c698bdeaeb53,33,21,3,0
VirusShare_6b8773c323920d3c7b5068732ad190a5,52,50,4,0
VirusShare_18ec9786929a94e997b8b1d01dbb856a,55,43,1,16
VirusShare_bc13294a8c67e3d67792629abd4047ef,16,17,1,0
VirusShare_fd986bcf834b85504f159f62b7eccc39,46,25,5,19
VirusShare_ad0dedf995dbc6816bc2d4245a555213,20,12,2,0
VirusShare_398b938f90375a1b7339adf36292e019,24,25,4,17
VirusShare_9b3648cd7a655399fb277f969ef95726,35,35,4,0
VirusShare_715d3b27aa7b20afb04da5b35d390bfa,33,27,5,18
VirusShare_2a30444c2e403c54fb2bff9ee4a8cf41,503,24,3,14
VirusShare_5fbd34647e926fe81d5418dd2c051ccd,2070,22,37,14
VirusShare_b17077308716c009fb4d0ab4c2248050,4729,184,5,18
VirusShare_d4a78d2d8c8f451c88983abfa14e8f4f,23,13,2,14
VirusShare_104f1135bf6639647ff33e766a8f334a,41,30,4,0
VirusShare_f1cf243a71d13612e41aadee87625a69,56,21,1,0
VirusShare_65ce94668f65046803ead1afc732b261,53,18,3,0
VirusShare_8bc06727c480653ac35116f3edf48adc,38,25,3,7
VirusShare_7a146c11665e822a75ab6d8d58c85956,57,32,4,16
VirusShare_7d94a109485c8f02e5c75c69863c672c,26,26,3,0
VirusShare_f30e4112adc8d1f5f8a56fac06fc2de2,171,184,65,18
VirusShare_d6f9bec7bd21e36cf896b7deb119644e,54,43,2,16
VirusShare_1c86c6109f7ea76e759894480cf0f8ca,48,32,4,16
VirusShare_62a907378286e3fa431279dc2df948a4,10,5,13,341
VirusShare_c9ae6424c9c3a700a4c697a9c136f3ec,2332,18,0,15
VirusShare_c8bb13dd7e7bf424536d8f9cd6e70d39,88,37,0,15
VirusShare_82681491d382000fab4a91b3a2a8ebb9,59,186,10,0
VirusShare_24be5956bd9d808978d8097910a77204,20,12,2,0
VirusShare_219c4d7da89c477a8285c991b8c5efea,4889,184,5,0
VirusShare_2bbe6d63972bdcf9b23e3c4fa472f968,35,67,3,0
VirusShare_393731434fc1f35fffc12657b7f60b93,58,47,1,0
VirusShare_45cfc0e9c08d68ff773559d9667266f5,49,32,4,0
VirusShare_748fe180301f7f36b8f3241a83a90b25,88,37,6,10
VirusShare_980f1eed7a7fa781743527bbe9b17adb,45,16,4,7
VirusShare_16d5463b7194f112bf4b5cb727bfc7f2,36,24,4,13
VirusShare_9de90d7de2d894318141ca6424cbbc0c,26,26,3,16
VirusShare_96671eab0913c0003c63f4d2c50318db,57,115,0,294
VirusShare_e4b83426ce4bff1eabb14d1242199e15,55,43,2,16
VirusShare_e9f7a1b3b71d4497c5cdedcdb18a83fd,54,27,25,154
VirusShare_19b72c2b11d70013fc2147382d75c656,88,37,6,10
VirusShare_d5c672e7727b4e57143b3f2032d159c5,315,1413,6,164
VirusShare_5ee781c11a0a34c5ef0fd481df91239f,4091,186,5,20
VirusShare_9d388e33bee82d9328b4f13ffaa35336,598,24,4,0
VirusShare_b83b9bf3ee056985f2d29301bded2bdc,31,14,3,19
VirusShare_21fabac86d7afe4cc4259d75db51e66e,37,25,4,0
VirusShare_f771f53f7bee364b05ff96b1111c71f0,18,12,2,10
VirusShare_03e8f5b89433ac2473fc16ee50ee506b,49,24,4,0
VirusShare_6af85682ae8dabfc841552cbd3362e68,17,15,3,365
VirusShare_2801ea43192cbd633fb4c875857de9ce,56,44,1,0
VirusShare_ae9c7e80a23db0dde3d2828d5dbd691d,44,26,10,18
VirusShare_79545b1f937ee5edbdbb1f3173b33414,52,22,11,17
VirusShare_006e7e08a0cfe0cfa96e07fb23afd1df,88,37,6,0
VirusShare_0e765d00f0ee174e79c81c9db812e3a2,50,26,4,16
VirusShare_32f7a83494605a7918f8fe0eb5222a47,56,44,2,17
VirusShare_af23b6fecc9a8861b2ffcb3431295c0c,4085,184,5,0
VirusShare_f4626a71e0095008e26b60e6b4829bf2,56,44,1,17
VirusShare_48b2020912bd218e887b3e8367c7d8a2,56,29,4,14
VirusShare_4468be0a5f76fd39872e3225f5f8d1f0,3928,184,63,0
VirusShare_a8fc40c72ac1269d9ae3d983fc2851f9,88,37,6,10
VirusShare_d92cffd443bf1e919647273d84dbe879,18,12,2,0
VirusShare_887a3101a9a2886288991b34d552037d,44,25,5,19
VirusShare_7862295fe38ed547f05d13c9bdbf0ddb,48269,27,8,9725
VirusShare_32ba284786bfdec6e8fc508e70039f92,6040,37,8,0
VirusShare_87a0ff454622c5c3d3a2506134e1771d,63,16,1,25
VirusShare_bb2ce6d3134746be2846aa76c073938d,33,21,3,0
VirusShare_a7c5dbe95f7ea92763fe3717eac389db,41,27,5,24
VirusShare_0fc86cc7820253b82188bfda41ef987a,3942,27,5,18
VirusShare_1c17150b53d08dfe0c1cc651eb3bdac3,60,43,2,0
VirusShare_c70d9a0e7d81d0ec2da672cb72b579c1,55,27,1,0
VirusShare_afea8c9fbc262a7b0bcbc9056c14a7f3,41,25,4,12
VirusShare_2cf9071d0262abba8218bacb5256ec08,62,23,3,8
VirusShare_c5183aac3de6d719382f8562c94892e2,54,43,2,0
VirusShare_faf1a801b430e38adf722c4c793897fd,38443,40,7,35
VirusShare_6bba5c4c76390eed8c3c7dc0b52bd09a,49,24,4,14
VirusShare_180025ba7f0222c8fdc43fb9af7c75cc,63,23,2,0
VirusShare_d4639503053e4a963efd9de942408d09,5046,184,5,0
VirusShare_c1429ce78f1a778bf76a6e00d9f890a0,56,43,2,0
VirusShare_77a11a32bd8f0877d7b31c3289395a5f,34,23,3,12
VirusShare_b0af82530accb63d9c8a37e6dfe6bffc,49,26,5,17
VirusShare_8e9d381bad64411dfa090a24c9f4c7db,20,12,2,10
VirusShare_2733137d5f8a152a2cf50929c0164894,88,37,15,0
VirusShare_ca7a6379aff2dbd02d3d776fe6b34401,63,16,1,25
VirusShare_2e1059bdff3b5aa3f1eda4b8db87826e,33,24,7,22
VirusShare_87049e223dd922dc1d8180c83e2fde77,11,131,7,4
VirusShare_79aa9de5390304012f8a157404980745,11,11,3,10
VirusShare_7d22f83605c497958310d307dc9e732d,560,20,4,18
VirusShare_cd115d70da4d306edcbc1010c8c72a4d,220,11545,5,5
VirusShare_42743e6af31c9b3a13ac2be41076752e,88,37,34,10
VirusShare_25456613d2e56db4a911dcd12e822e9d,111,108,8,0
VirusShare_4b67cbe758a003d6073c1b63c2e343a1,57,31,4,0
VirusShare_daab53902d4d28cf4ff2f42c85dda14d,34,20,4,0
VirusShare_028877cdb22ff46d8fc9bdcb46757978,69,25,20,98
VirusShare_2f5b0b847e6380e28c51794baa3435ba,47,27,6,0
VirusShare_7d837d43218237b798d2bad999eebb23,2073,26,9,18
VirusShare_d90992a8d68453ee1bad2322e19c94a6,35,29,3,0
VirusShare_67c768143cc037de015d913e2df1f088,54,43,2,0
VirusShare_f71a34d018f804dc607ce170b9869f89,64,20,105,5
VirusShare_5bc8cca9ad55d6a64f8e6d4a9ff70515,88,37,6,0
VirusShare_a10c6544272b83ff8d4c23b32a608580,34,25,3,17
VirusShare_5da0de7318324485c01373ce4cc348a4,4248,184,6,18
VirusShare_a4e673f572902f1182bda5b4a2001c24,52,50,4,5
VirusShare_65efc1e0414432149f6d0b35adb6d690,36,24,10,0
VirusShare_20bec7aca61cfe3d3eb0f0149f5bfeba,59,21,2,0
VirusShare_b2bc039d348e3afb02b8a4191d859f8f,33,21,2,7
VirusShare_7c466a305d46061da51508ed9dfd0519,56,44,1,17
VirusShare_8937273fc836283da1acdd7299845b30,20,12,2,10
VirusShare_c862eefe3de4b273d9c76a46604cb9b6,24,25,3,17
VirusShare_cb2a9fed77fe76b78ce731cca0556d5d,37,26,4,12
VirusShare_f0551696774f66ad3485445d9e3f7214,36,10,0,16
VirusShare_43d3047d5f000be27ea105f2a3cc6756,26,26,3,16
VirusShare_7eac8156cff6c0a556359db9447bfd4e,503,120,17,33
VirusShare_18b22bb3650d26a9454f1df4a96ede20,616,24,4,14
VirusShare_3b450145c8d89726f5182e8210f83cfa,39,38,2,0
VirusShare_317fab69194e825d9772df7556351c15,47,23,4,25
VirusShare_a7ff3481442c8868136f6a2d17a8e57e,35,29,4,16
VirusShare_2a018d2d696ec2ad9ad2c3ea3d0ca47b,541,22,3,14
VirusShare_c7693093f74153b53862e1ca76c2443e,66,63,0,5
VirusShare_300f263e40a7f9734701cdde3e1364a2,54,43,2,0
VirusShare_88b0abab2d389092fb10223b8e903244,56,44,2,17
VirusShare_f22cad0925838733523af3c9dc12c5ca,332,146,5,0
VirusShare_3603f0a6ba6f21a50e8c078d72802864,37,8,4,13
VirusShare_1e38716c00240cca169088d9a8945a9c,145,59,5,0
VirusShare_bd5928a90554cf1b0c4d27d8ebcba9c6,40427,186,29,24
VirusShare_d2bca500834c158db9b39fe8748027fd,17,17,2,11
VirusShare_7390a1e62a88eb80b5fae80c9eb00be7,29,11,5,19
VirusShare_5a5fbd54bcfacae5b6b7ba089e7ff543,297,73,50,0
VirusShare_98f4ab9f7c933f6d2cb00a47cf3c9cb3,18,12,1,0
VirusShare_297370c4a08613c7de1207afb240ee68,20,12,2,10
VirusShare_5512c7cd07c3ede2012f303bf89a16ad,51,32,5,0
VirusShare_9bd49f59ec45e1dbbaefc68d2cf7b3d0,47,27,7,0
VirusShare_6e4b5b2be09e457cbaaeb24391615d62,60,47,2,14
VirusShare_706215905f84e18be109bc33427ef221,395,10,2,7
VirusShare_ec59c5902f1c8ac27577a8b82b60e436,20,12,2,14
VirusShare_25110722e00931328cd9a9e3caa99732,67,27,5,10
VirusShare_7e84445448d2e072b5a56059cdbc24e4,14,15,3,25
VirusShare_5bbf432f8e6850340ad21b5852a6557f,75,23,3,8
VirusShare_1dc810f0f0d905046caaad1ea6f79b0e,63,53,2,0
VirusShare_d859a2d3ddda4dc5c196db2c6eed1b16,54,25,22,134
VirusShare_2f2070202ba66880e0e4b41a295b4bcc,47,27,27,18
VirusShare_e68bd8a8712ce1788faa15c9813c00ab,54,43,2,0
VirusShare_ee99a58dfae7821259d5ce3285851d13,40,25,4,12
VirusShare_39d7369c705f770eb6687e796c5c2bdc,4889,184,66,18
VirusShare_cc59b7ff75f2d66fc4c6b7ab958ed5b8,88,37,5,0
VirusShare_c7c9a09e69221bb143670b2f7ac2855a,48,32,4,16
VirusShare_5a0699e5c61f6c9bbd5fa0f8e602b264,55,44,1,21
VirusShare_0ba7a4f46773d64a1d6ee4e7095c8cce,5036,184,78,18
VirusShare_f84fe08506248734bbce5947751f0b86,43,25,3,0
VirusShare_3a131cecaf6ee9131a1cc4e44205fb2e,18,12,2,10
VirusShare_34d1bdbe445c9c772c693b657198da50,54,43,2,0
VirusShare_2eabee99f880746559ed0004a180c4d9,52,26,5,17
VirusShare_9d5cb0ece578518b5c8d06267f4a2c33,3928,184,5,18
VirusShare_8ec78510a7305d5036b83ea364919329,85,38,2,6
VirusShare_e381e6d892056ae5fa3d9aae8fd6dbc4,55,25,20,122
VirusShare_dd9fab5e4b38109f695e932b7de99dab,1551,22,3,15
VirusShare_2dd395cbd297e8b40a4b64b3bb21e655,35,22,4,16
VirusShare_d769cb600f80eb5caba34cd39e9a772e,55,32,8,0
VirusShare_27201c2352dc520fea6cd5d52680cb62,76,21,5,22
VirusShare_6f54f604b9186d232cea8c43d06cb39b,56,31,4,13
VirusShare_17de8ce30d0ea804220079447ce7d2cb,29,21,3,0
VirusShare_7efed9adfb9ce91bd9925340a7b3c941,33,22,4,0
VirusShare_595d425a2a91238afefc49e9da352d1c,56,43,2,16
VirusShare_6456ed2d62afcd2d9c451311e19e6243,53,22,21,163
VirusShare_30362aa28757a76a0e5fd90b81915001,19243,37,2,0
VirusShare_b7f184091693ea361910b4c9afc7722b,17,9,2,0
VirusShare_908bde3de12527af2ba81000159e216d,43,25,4,12
VirusShare_de33e2ca06faba2b6f7a66e0fb73ca42,37,24,4,0
VirusShare_9e7d56f4a1fbcdfd90564187e919afce,33,21,3,7
VirusShare_bba972eaf47f8142f4ca3e6d166f7989,55,43,2,16
VirusShare_c050625bb9494a50a572b7ceeeffb07e,20,12,3,0
VirusShare_0e8a1bf643717e41733e88fdd97cfbd9,54,43,2,16
VirusShare_be9e6e33ce58d7572b0a089a9be20dd0,64,20,20,0
VirusShare_42d2de22ecb325f34134f10e1f5d694d,49,32,4,16
VirusShare_8bf6e249342f607a10f5b0baccc53672,43,25,4,12
VirusShare_8d4fd87a4571551de2f3c8506e771d08,36,31,6,0
VirusShare_db1fb6148872cc719b857144adce6f31,37,8,4,13
VirusShare_9df8f61f6af9033a24b376bc9eae3987,43,25,3,12
VirusShare_a04823773ca49fa1675eeb3da7c15c7b,45,24,3,14
VirusShare_51670ea56a83c6c2457782430aa9049e,35,29,4,17
VirusShare_15f5607255501c21222425ca533226b9,54,43,2,16
VirusShare_465cbc164089b87f986b4dd25d76d35f,35,23,4,13
VirusShare_ff6e24dfc56e49e4c70928670caae5c6,32,22,4,0
VirusShare_cbca6dd4cb8b29850fa95920aef43f4b,62,16,20,15
VirusShare_3388569a57bd3aaad3e3c3149fbcc26c,45,40,6,0
VirusShare_06e4e7a60a13ade57a80e18518990199,31,23,4,12
VirusShare_57c3d2c9d68c96832e374714fd4534d4,32,29,4,16
VirusShare_667dc2de03e5fb612941ebda755059e6,20,15,2,0
VirusShare_cb01e0298c7d9049f7b043eb827ea309,19,32,9,12
VirusShare_cdbf470b880c41891525bca1879222ac,41,18,4,0
VirusShare_67f724c93a9299812b2f315abf8aa0c8,29,29,3,0
VirusShare_c55c55bd7eef002b847e5cf97d593113,26,26,4,16
VirusShare_afd72f10f9ab79e1901d1f9f7549684f,35,23,3,13
VirusShare_442faf9f8156383ccafd641b57d9de64,55,21,5,32
VirusShare_28d90de102f5fd444fc74b4a7cc450e5,52,26,6,24
VirusShare_613cbf2673196f1679419b54a4a49a2d,54,25,20,120
VirusShare_50fecc437e5a9048f82066d6a57ff2f9,75,23,3,8
VirusShare_a265a893909023b846ab3d937ce62b4c,88,37,5,0
VirusShare_962ea8687123f12c767e4176e1987a3a,55,29,4,14
